id,name
7eeaecb9-f921-4932-97a6-92f6632943c2,Player_7eeaecb9-f921-4932-97a6-92f6632943c2
b4b9693e-78b3-406e-ae3d-f1c47eb0262e,Player_b4b9693e-78b3-406e-ae3d-f1c47eb0262e
eabdb526-2a77-4909-9d1a-62d0fc2e9dbf,Player_eabdb526-2a77-4909-9d1a-62d0fc2e9dbf
8e1c0dce-c83a-4367-8bcd-b8fb77713f8c,Player_8e1c0dce-c83a-4367-8bcd-b8fb77713f8c
37235c90-f6aa-4ee7-89d6-bf0ed0b6d130,Player_37235c90-f6aa-4ee7-89d6-bf0ed0b6d130
6ab91563-723f-4cc5-803d-1876ff693720,Player_6ab91563-723f-4cc5-803d-1876ff693720
9b162b0a-16d1-47cb-8abc-08eb98ef8676,Player_9b162b0a-16d1-47cb-8abc-08eb98ef8676
f006d194-cf8a-4fc6-8841-1bb30d087db1,Player_f006d194-cf8a-4fc6-8841-1bb30d087db1
570095d5-9d92-47a5-bad3-c382c144581f,Player_570095d5-9d92-47a5-bad3-c382c144581f
85f01e24-6468-4919-a399-de9cd0a3dc02,Player_85f01e24-6468-4919-a399-de9cd0a3dc02
cabbf7d6-b744-4d37-9259-e6be864ff998,Player_cabbf7d6-b744-4d37-9259-e6be864ff998
5558f107-2c3f-41cc-928b-8b3468324726,Player_5558f107-2c3f-41cc-928b-8b3468324726
1f4784d1-3060-408c-bc1b-3566f8f57681,Player_1f4784d1-3060-408c-bc1b-3566f8f57681
6a06e90c-65d6-4d02-8c03-dca154a901f1,Player_6a06e90c-65d6-4d02-8c03-dca154a901f1
a3c9f9fb-fa9f-4d48-a606-962059199bc9,Player_a3c9f9fb-fa9f-4d48-a606-962059199bc9
ddb575ef-0dab-4112-9ff9-e9ba8054bb55,Player_ddb575ef-0dab-4112-9ff9-e9ba8054bb55
5f3b88ab-b9f2-416a-9e3b-f69f7f735b91,Player_5f3b88ab-b9f2-416a-9e3b-f69f7f735b91
c9b2f49f-d7da-4452-baae-9786fa2e280c,Player_c9b2f49f-d7da-4452-baae-9786fa2e280c
29433ae0-9ddf-40d2-91d4-c58f701a72e3,Player_29433ae0-9ddf-40d2-91d4-c58f701a72e3
5c70f102-e8db-4e1f-8607-587209a4736d,Player_5c70f102-e8db-4e1f-8607-587209a4736d
da784c1e-69e4-4a04-8272-34fabce44beb,Player_da784c1e-69e4-4a04-8272-34fabce44beb
b5a2568c-7a17-493b-8452-bcf83dcb8f12,Player_b5a2568c-7a17-493b-8452-bcf83dcb8f12
9585334f-b3f9-4e86-b935-b4adbdd72a6e,Player_9585334f-b3f9-4e86-b935-b4adbdd72a6e
e21b135c-0952-47b0-be3a-873112c637b1,Player_e21b135c-0952-47b0-be3a-873112c637b1
31def6ed-c0d7-42bf-b8c8-1b0bcf46c22e,Player_31def6ed-c0d7-42bf-b8c8-1b0bcf46c22e
890e0736-517b-49c7-bb8d-403d7f073eac,Player_890e0736-517b-49c7-bb8d-403d7f073eac
58051474-ed90-44c8-b764-5d8dec98f289,Player_58051474-ed90-44c8-b764-5d8dec98f289
dea37455-e455-4990-8f34-ace0d348d52d,Player_dea37455-e455-4990-8f34-ace0d348d52d
1967be87-3bd2-4d79-88be-ebc6be1ecf5e,Player_1967be87-3bd2-4d79-88be-ebc6be1ecf5e
9f835525-8860-4245-8f83-1f43ce95ae16,Player_9f835525-8860-4245-8f83-1f43ce95ae16
47ac1d88-6a0b-449f-9ae5-e1eb225f3d71,Player_47ac1d88-6a0b-449f-9ae5-e1eb225f3d71
1b1211f4-aed3-487f-8a20-2b586dd514fb,Player_1b1211f4-aed3-487f-8a20-2b586dd514fb
05c4a273-fc5e-401b-8f72-d4ca0e421fca,Player_05c4a273-fc5e-401b-8f72-d4ca0e421fca
15e8a48d-381c-4e7e-9eca-4ccf45f786c0,Player_15e8a48d-381c-4e7e-9eca-4ccf45f786c0
f8ec2431-5501-493c-9d9e-8edf09df5168,Player_f8ec2431-5501-493c-9d9e-8edf09df5168
b7fdeea8-6989-4974-bda2-6992def2a26d,Player_b7fdeea8-6989-4974-bda2-6992def2a26d
768b0791-344b-4a7e-9428-8341289e3432,Player_768b0791-344b-4a7e-9428-8341289e3432
ab1dbf75-bd82-4c0e-b709-4283bc9d25fc,Player_ab1dbf75-bd82-4c0e-b709-4283bc9d25fc
8461e0c4-a0f3-4c5a-8db6-3a27e451bcb6,Player_8461e0c4-a0f3-4c5a-8db6-3a27e451bcb6
85e3b381-3dea-42cf-b760-93ea0016d25d,Player_85e3b381-3dea-42cf-b760-93ea0016d25d
6cfb82bb-a33d-4787-bdca-eb5aa94703a8,Player_6cfb82bb-a33d-4787-bdca-eb5aa94703a8
af9f60e1-29ba-4a3d-a304-7bd01c9ce8ba,Player_af9f60e1-29ba-4a3d-a304-7bd01c9ce8ba
d0303456-362e-4c12-a0ee-573ed6d7260e,Player_d0303456-362e-4c12-a0ee-573ed6d7260e
f63354ac-7f1f-492c-be52-21d50d92e93b,Player_f63354ac-7f1f-492c-be52-21d50d92e93b
3008ac5e-4fb9-4c8e-94fe-7e1273a29c83,Player_3008ac5e-4fb9-4c8e-94fe-7e1273a29c83
7ccf2dca-0ca5-4990-b2ee-25ebb75294bb,Player_7ccf2dca-0ca5-4990-b2ee-25ebb75294bb
97dbe70c-b6cc-4f6f-b985-d915ad1e35b4,Player_97dbe70c-b6cc-4f6f-b985-d915ad1e35b4
5b3da333-aba3-4434-b6b4-de553f0907b5,Player_5b3da333-aba3-4434-b6b4-de553f0907b5
8bb2d3c4-ac78-4d89-9328-0dc4c8f04d51,Player_8bb2d3c4-ac78-4d89-9328-0dc4c8f04d51
4a646275-8696-4871-b6bb-5a7b40f1468e,Player_4a646275-8696-4871-b6bb-5a7b40f1468e
4131da6e-8e6c-4299-80a3-2bbfc34fad05,Player_4131da6e-8e6c-4299-80a3-2bbfc34fad05
257008df-5ef6-4163-88a3-dfec3c17647f,Player_257008df-5ef6-4163-88a3-dfec3c17647f
fecd3694-9b1f-429d-8c6e-d8068128aee0,Player_fecd3694-9b1f-429d-8c6e-d8068128aee0
